{
  "cacheBootResources": true,
  "config": [ ],
  "debugBuild": false,
  "entryAssembly": "TJFoody.Client",
  "icuDataMode": 0,
  "linkerEnabled": true,
  "resources": {
    "assembly": {
      "Blazored.LocalStorage.dll": "sha256-Jq\/dS58mO5wtL2d0x\/FeAdDZ1bUTpTzPODJpBZUre\/4=",
      "BootstrapBlazor.dll": "sha256-b9s16wVFaeridtKmbFLeAbOYIsSW46TexdVLFL8Ja1w=",
      "CLRForBlazor.dll": "sha256-GkVojulZTsCC2CaVAcvO0ESa0g9UJ1xLckynq0fsRJM=",
      "Microsoft.AspNetCore.Authorization.dll": "sha256-G456wdqG1fT7+kKP\/R5a21wYh6M5XVYZKxulEwcMLNM=",
      "Microsoft.AspNetCore.Components.Authorization.dll": "sha256-mamjSCDXfmhZjZI9pGOsblLMjjMRqTRGgfZsf0svF3o=",
      "Microsoft.AspNetCore.Components.dll": "sha256-pLWAE3spokzS8HJc+Ggw1KRuy9Tz6lymsG7CPoSOBnA=",
      "Microsoft.AspNetCore.Components.Forms.dll": "sha256-jLdTMWADAtzvcc2ow4r6HzHlRDSctMc4hijvvgMJjFE=",
      "Microsoft.AspNetCore.Components.Web.dll": "sha256-bpQqqsmnFoW++j0AtWeDolzrFGJMXUnJpOovML67RkE=",
      "Microsoft.AspNetCore.Components.WebAssembly.dll": "sha256-pKvoFSzzF9Obg5puedU8Qs7M9XDK8mQRFtXgvJNaoKg=",
      "Microsoft.AspNetCore.Connections.Abstractions.dll": "sha256-HhMrpuz\/4sZ\/bveT2UbLJaRIvKEDRc7rr41LoGC6Wzc=",
      "Microsoft.AspNetCore.Http.Connections.Client.dll": "sha256-vNbgY0gbK0h1WWipGdvlTLTTJWXb9Cj8nDmpZvBd2kQ=",
      "Microsoft.AspNetCore.Http.Connections.Common.dll": "sha256-DhdvI8jmMSV8dmcjYqi7JlkrLNq\/u5npqdLrCnTIiO0=",
      "Microsoft.AspNetCore.Metadata.dll": "sha256-znPZNUgC1tTHof3vIPiv0G44mP3We2gkGeriVOlguX8=",
      "Microsoft.AspNetCore.SignalR.Client.Core.dll": "sha256-Te4oM0h1HPCGg1tJLKb4uDX5m9w0KejvMz4tbUtxSbo=",
      "Microsoft.AspNetCore.SignalR.Client.dll": "sha256-pd2UwNUYxkDp7R0AMeAxb2t81WYT4mjzjkCcYL4Gj+I=",
      "Microsoft.AspNetCore.SignalR.Common.dll": "sha256-PcI85Z0wZsX0y9NZncwFBhRW1YpFf\/aF3X\/ei5JUG6E=",
      "Microsoft.AspNetCore.SignalR.Protocols.Json.dll": "sha256-EuuDTPHzuT9fvmevZUYr5++AZ+Vj4I5uVKmpugaOGsk=",
      "Microsoft.CSharp.dll": "sha256-H58RPFYRMVlxga3vkLitwCFIbRHsgts8nEAYgoT5Vn0=",
      "Microsoft.Extensions.Caching.Abstractions.dll": "sha256-fXQ9puamypWgB5X93l\/Fcmfvd40UfjWCr\/c80QF\/AK4=",
      "Microsoft.Extensions.Caching.Memory.dll": "sha256-vu9deQoflrCfMAOlrErsYDXX3Z1dBPk+tKVFmVgzZ6I=",
      "Microsoft.Extensions.Configuration.Abstractions.dll": "sha256-jweGPoMWccYL7YCwv\/N+vjUin4FzAe2Xebdm89iIyZk=",
      "Microsoft.Extensions.Configuration.Binder.dll": "sha256-iRM9mknz4K0UhG3MBwJ0krKAu5x2D\/o+tWXQ\/\/C6x0c=",
      "Microsoft.Extensions.Configuration.dll": "sha256-xFlRGVqBrXvM14HbLUrjcYTj461MI1JZ6x0F4uMWNUY=",
      "Microsoft.Extensions.Configuration.FileExtensions.dll": "sha256-Lzo\/ioHrJMgd8oR\/LqVKMYDfiOrWNNNUA9RIxo6wdXk=",
      "Microsoft.Extensions.Configuration.Json.dll": "sha256-R2No2PqQQXfYd6qJ44V8fKHXs4jRDiEcNB\/elW\/bHz4=",
      "Microsoft.Extensions.DependencyInjection.Abstractions.dll": "sha256-98Q+Em99c6OijeQOxioHc4IcTuRmCrLQfAJB5ylu2kE=",
      "Microsoft.Extensions.DependencyInjection.dll": "sha256-Tp5zDFaHR2NBQU9zm0ePgm4q84IJasATdQNv6me1LtE=",
      "Microsoft.Extensions.Features.dll": "sha256-8+YpZYflecyNwD7BAXAc0Nm3JE2EJbZhOWXMkCDKdks=",
      "Microsoft.Extensions.FileProviders.Abstractions.dll": "sha256-Cjys\/38Ag8cTDH2fLO36lkl1xfhVYaQkdx+8fL6HPQ0=",
      "Microsoft.Extensions.FileProviders.Physical.dll": "sha256-ci1gSEehOxKGhE64CyyGFoW+\/N9vLEya8s9lB+2qZ+g=",
      "Microsoft.Extensions.FileSystemGlobbing.dll": "sha256-kzSa2Ts0nVMOHQKjcFcxixJQqInwiwbRxYgAEEiR2oY=",
      "Microsoft.Extensions.Http.dll": "sha256-rEoytYZHGhebcmaW0hIdGuPM\/Nh4h3onbxSkJCaBdYs=",
      "Microsoft.Extensions.Localization.Abstractions.dll": "sha256-IsNsEj5mpI14z1hJ6TttJINJodUpxrlSZjq2BG1crj4=",
      "Microsoft.Extensions.Localization.dll": "sha256-zyRiRLOOb8I9JL\/\/\/hNhZqRp7eJ85X7e61CkvHfJFlg=",
      "Microsoft.Extensions.Logging.Abstractions.dll": "sha256-v8gmLLIx5kyUmwRLaWo2ZRAlQaiIvj98Lm+S91ehAzM=",
      "Microsoft.Extensions.Logging.dll": "sha256-PIuFFVWM5OoAjX9wQMZLLSDL3HUN+8264ceHIihQxKo=",
      "Microsoft.Extensions.Options.ConfigurationExtensions.dll": "sha256-XLQlEm6681KYMV7IJJsCGvhWVF++QIqBYrg3MZ5QBRA=",
      "Microsoft.Extensions.Options.dll": "sha256-d2zovGm1x1CcsUyYs\/uoqq3UksuNzW0nfstAgErP7DY=",
      "Microsoft.Extensions.Primitives.dll": "sha256-2SUOWnwV+1PNZmB6wy61vqkL0zI2I7wrBEEeWbCmqUo=",
      "Microsoft.JSInterop.dll": "sha256-1pR\/X9ulRDv2mnG7RSfRp+JnREle5wJdcuUaVyEwCYk=",
      "Microsoft.JSInterop.WebAssembly.dll": "sha256-dHDeQDjFl+Z99XtArbAz5rKCrfj+ZRCxXFvWwP9Y4r8=",
      "Microsoft.Win32.Primitives.dll": "sha256-Sogh+VWR69aMfDPJftiuJ3R4HCR\/XwDJxbpRGWMmiCs=",
      "mscorlib.dll": "sha256-cZxna308zXYJ1Qno39vkNkxFzOo1Hfi0ctAfSPAwA58=",
      "System.Collections.Concurrent.dll": "sha256-lIA4P\/WQ1fP+rAzH5XMKaqqGNaZqGB4wlwXotOuvyWs=",
      "System.Collections.dll": "sha256-fo1Swntj89bcWvLBqu4mt0jdA\/s\/NGEL1QMCSAuBBI8=",
      "System.Collections.NonGeneric.dll": "sha256-isX5jCifxPZ8LJuwicp1dln2IcH9OaAbyUg7vZ71Fnk=",
      "System.Collections.Specialized.dll": "sha256-\/TXvN9vh8GkvFCZ+JQ2OKk4oedKcieuOO78yWDP90vI=",
      "System.ComponentModel.Annotations.dll": "sha256-\/+qGWVSPCLSyrHxFrVr+Di\/QoWuN4zEmCQSN81c9GT8=",
      "System.ComponentModel.dll": "sha256-fEbIyi+GOj\/xghaOcdUriigSIwifc\/khw5NpL6IA8Fw=",
      "System.ComponentModel.Primitives.dll": "sha256-fUsxs8uGHiVqsFevGIDg8Ks4V1pOOtrPHPQ+iD5SPhw=",
      "System.ComponentModel.TypeConverter.dll": "sha256-5wPLE0a2lga7mLJLJsEmyCwKdfq9EDEuDh9vQA5LJrM=",
      "System.Console.dll": "sha256-D6KUbaw24kVzD5FmuT7yQ1PakI\/eOj5Z4+XVEAuCw88=",
      "System.Data.Common.dll": "sha256-eYjrqxWynM0IAyJxVpJl13+8sSpQVQ+fhuQtJkHpFnQ=",
      "System.Diagnostics.Debug.dll": "sha256-HHaNinMQxfZYHj5T86Qa7xAv+DN\/zXlO+WX64n\/JPZ4=",
      "System.Diagnostics.FileVersionInfo.dll": "sha256-AibG+sYkJcyF2TFqrjWNK5ucKp8iuG1Fykybu+kH2pw=",
      "System.dll": "sha256-pr\/4WLvBBCvxdVAso3JNB\/yJozs9Gv44DkZeMqrKu9M=",
      "System.IO.Compression.dll": "sha256-0co9VqaMhLRDffyrLLq0\/dtPgGJZaiWJVFgRVXyee60=",
      "System.IO.Compression.ZipFile.dll": "sha256-YTK+Zpdzx99KRIhas8BHgrPGgTkTA8aruxPlU206+Fw=",
      "System.IO.FileSystem.Watcher.dll": "sha256-pgqfgNR2AihpstYRgtivaQt5NejWk2vPWEszTKdAma4=",
      "System.IO.Pipelines.dll": "sha256-ZqDSDeH28UuCcbUimzRq28B9mvpo+QHi0QuXuk\/E5Ts=",
      "System.Linq.dll": "sha256-bf2OA44p0zUiVrRe4o\/Bgv5CrBv2tU40daehtwAZdEk=",
      "System.Linq.Expressions.dll": "sha256-lVJUKfC3Z5j+6nY2E5AHMb2ftuZBvv0vyPyx2CuZ1m8=",
      "System.Linq.Queryable.dll": "sha256-7jwfVTa0GfvVKks8H6k54hKeXBwkeet\/feuhFW7G7a4=",
      "System.Memory.dll": "sha256-nc43xxm1D6o1oYaKmsiDnh21KnNF5aKPij4r68cH+Lw=",
      "System.Net.Http.dll": "sha256-uoBTAL+IEhqs53allIGV9QF8BqO+vlupmblVXYxXNG4=",
      "System.Net.Http.Json.dll": "sha256-\/kQroYfOegsmjtQvFkMjqJULD\/EiK3T1jUkq4SshJPo=",
      "System.Net.Primitives.dll": "sha256-OhBFJjruFdHrMvhDnsIDj4ldWpBbH8AY14eZvrgUemc=",
      "System.Net.Requests.dll": "sha256-iYsqQAYE\/09W17p6JYobAF91YG28CdYNdtbP339h\/no=",
      "System.Net.Security.dll": "sha256-vUhqwD3hTChnenTTLlMBGfP1ARPPaOA5UDQTVIEfAO0=",
      "System.Net.Sockets.dll": "sha256-F8Nsij2anmtAKRzpnLnq4E2upyzqXJn0AiRFtsyCFnI=",
      "System.Net.WebSockets.Client.dll": "sha256-of7\/Dfru344htx8zVrte2pH\/g6l2N93xwoJCkQDYBlc=",
      "System.Net.WebSockets.dll": "sha256-2\/+wUlHxmBPOpXgCL4GuNzevxxhQ3Y55TE48fqLAGzM=",
      "System.ObjectModel.dll": "sha256-EgjL03NQO55466uTATEy4s0nOXS6MR4JANnt8tuMs5o=",
      "System.Private.CoreLib.dll": "sha256-p5NLVLTGt1W5yD4JECzWryNvxznVE3+Y0MLuanbK3gE=",
      "System.Private.Runtime.InteropServices.JavaScript.dll": "sha256-n10xK6FZLAdcE\/TLFlkQmVx9Db4BGgOfL4lEX0goK9g=",
      "System.Private.Uri.dll": "sha256-uC6PPc8ElDF2WeCdoPIqVnZUT6xabH4oGdO\/FNHhh6k=",
      "System.Private.Xml.dll": "sha256-Dkqng7Z+s0\/ALzeVry2ATUxbTPZ5JktMfrLaREdiInM=",
      "System.Reflection.Emit.dll": "sha256-D4Ku13BzUa0uIz7bZ6pn0hpho4Pfb+NxYqAmpjXe8Wo=",
      "System.Reflection.Emit.ILGeneration.dll": "sha256-IMbvvLPQi5Jug8BhP2ZTGPl2xBnMcvXulPXaDy+7xXg=",
      "System.Reflection.Primitives.dll": "sha256-waOj6mAHTOTJB8lOjlzWsFpgGm7j48IujgDYIoIO+Hc=",
      "System.Runtime.CompilerServices.Unsafe.dll": "sha256-22zDw5lKENhaqyI9ssk0hHPdJXfg9j2i8nAvz1sGn6U=",
      "System.Runtime.CompilerServices.VisualC.dll": "sha256-T+tS\/jBA\/LIfuPOFooPzdfauvJuwvGeI4qXzblcAp\/c=",
      "System.Runtime.dll": "sha256-Ec08CT1+N6JQIlxJHZeWDtUMmD\/zXCyEEagGRkxCmxU=",
      "System.Runtime.Extensions.dll": "sha256-xaOJcMjjAu8X20QENoqYdXP9pZZ\/B5lpcJ1dKjpgvK0=",
      "System.Runtime.InteropServices.dll": "sha256-en+yVV1gq6ge0DGAHg\/5T8omgdoyu0jnJkfTvMhRzkE=",
      "System.Runtime.InteropServices.RuntimeInformation.dll": "sha256-IHq\/TuxoHvbMRaezcN8Zrpi00jDf0Kjr3Ar9eNmTqJ0=",
      "System.Security.Claims.dll": "sha256-Q9AXoUSkqoi4HxdGeuF5B0Z4tznmrc9MfTfZhbKhtAI=",
      "System.Security.Cryptography.Algorithms.dll": "sha256-y5R02YvG2EmR07mPZKxQ1t6yIm\/caXN+7IV9gBGzjF0=",
      "System.Security.Cryptography.Primitives.dll": "sha256-KPOGUc7QMhy7OCFpmozP1gZUFVT7Bv8vhYB1n3uAbA0=",
      "System.Security.Cryptography.X509Certificates.dll": "sha256-p8rN4YSFj12Dr2sPQ0Slg+VvJBezIlJc9fLi5LX0HKk=",
      "System.Text.Encoding.Extensions.dll": "sha256-KPdpdv8m1Kvv16l0FFBVaxJr\/iECdkru\/1v6WTlmb3w=",
      "System.Text.Encodings.Web.dll": "sha256-ObkV6WFOIjMtzGOe39OSa8YpQJWIiGjAOM\/Lld61ceg=",
      "System.Text.Json.dll": "sha256-H2O6KAsCYNA4eYvXOHtC1uRHtJjb86+onluwYgI7tj8=",
      "System.Text.RegularExpressions.dll": "sha256-jWi22xi75B5O0NQ7+wnavxMR+q9HFUZneNUrs8QicBE=",
      "System.Threading.Channels.dll": "sha256-XphrKph9AOR8PIA0bOYFnCA3Xjz3T8kC7JQLXlCdxx8=",
      "System.Threading.dll": "sha256-ymRBRzzsjzMNSAM9HsTLt7zMgFSNaJFVWuavHnnJCHg=",
      "System.Threading.ThreadPool.dll": "sha256-a\/LM+2BTuf6M0Nn6V9ED7TKVlyUm43lbwqhh8aAjXgk=",
      "TJFoody.Client.dll": "sha256-HKm8YNvQHyczGM9V9Tjps+k4+voaUNjOwR1v1jxMACE=",
      "TJFoody.Shared.dll": "sha256-hGkkZHzu9sG+xJfubDbquiFtceI0UoeYtP9RQ1YHtOw="
    },
    "extensions": null,
    "lazyAssembly": null,
    "libraryInitializers": null,
    "pdb": null,
    "runtime": {
      "dotnet.6.0.16.6pwyp8gx3q.js": "sha256-GT2gK+GjOisRXJY+9yh6H8s6K\/KDIsaFMFIgWvAnttY=",
      "dotnet.timezones.blat": "sha256-u8KbOjPcD2\/Pcbb0HaYyOuxEMMBYBUoicERKuSq9KMU=",
      "dotnet.wasm": "sha256-qD0yE2pPRrUZHsuAj5If3uIg1gptLud06+eBaGEftXk=",
      "icudt.dat": "sha256-Zuq0dWAsBm6\/2lSOsz7+H9PvFaRn61KIXHMMwXDfvyE=",
      "icudt_CJK.dat": "sha256-WPyI4hWDPnOw62Nr27FkzGjdbucZnQD+Ph+GOPhAedw=",
      "icudt_EFIGS.dat": "sha256-4RwaPx87Z4dvn77ie\/ro3\/QzyS+\/gGmO3Y\/0CSAXw4k=",
      "icudt_no_CJK.dat": "sha256-OxylFgLJlFqixsj+nLxYVsv5iZLvfIKMpLf9hrWaChA="
    },
    "runtimeAssets": {
      "dotnet.wasm": {
        "behavior": "dotnetwasm",
        "hash": "sha256-qD0yE2pPRrUZHsuAj5If3uIg1gptLud06+eBaGEftXk="
      }
    },
    "satelliteResources": null
  }
}