{
  "cacheBootResources": true,
  "config": [ ],
  "debugBuild": false,
  "entryAssembly": "TJFoody.Client",
  "icuDataMode": 0,
  "linkerEnabled": true,
  "resources": {
    "assembly": {
      "Blazored.LocalStorage.dll": "sha256-Jq\/dS58mO5wtL2d0x\/FeAdDZ1bUTpTzPODJpBZUre\/4=",
      "BootstrapBlazor.dll": "sha256-b9s16wVFaeridtKmbFLeAbOYIsSW46TexdVLFL8Ja1w=",
      "CLRForBlazor.dll": "sha256-n8fs1YUjYox0MKZteYKsjFELC0vN+w+WgcjFMH1zVa0=",
      "Microsoft.AspNetCore.Authorization.dll": "sha256-FX595ZXfRh00mbygWp\/0JleZsh8ackIKyaznvQJx0Yw=",
      "Microsoft.AspNetCore.Components.Authorization.dll": "sha256-LGypSmqfvzvSNvQUHyS88MyCVr4ixhO2Z6nMFTil0Rs=",
      "Microsoft.AspNetCore.Components.dll": "sha256-OKx6HXJUxzzr1UsJ1+1F0qD+EDYUMn7D0BCip1TfY2g=",
      "Microsoft.AspNetCore.Components.Forms.dll": "sha256-GIS2kA7NJ35KzrYgHsrasbhC0tkrl0XJyy9qdar2L78=",
      "Microsoft.AspNetCore.Components.Web.dll": "sha256-0uHaWMTY3CvqhfVfPUbff\/k+dXaFSXSnHuvZvH0bah8=",
      "Microsoft.AspNetCore.Components.WebAssembly.dll": "sha256-vTgQlAInygmaG5kXb43kBO8Mq4erD+JaZYPscyKTj\/4=",
      "Microsoft.AspNetCore.Connections.Abstractions.dll": "sha256-HhMrpuz\/4sZ\/bveT2UbLJaRIvKEDRc7rr41LoGC6Wzc=",
      "Microsoft.AspNetCore.Http.Connections.Client.dll": "sha256-vNbgY0gbK0h1WWipGdvlTLTTJWXb9Cj8nDmpZvBd2kQ=",
      "Microsoft.AspNetCore.Http.Connections.Common.dll": "sha256-DhdvI8jmMSV8dmcjYqi7JlkrLNq\/u5npqdLrCnTIiO0=",
      "Microsoft.AspNetCore.Metadata.dll": "sha256-bCeaMAR3WepcVdrCappkzS6hf7+kCkfjS4XhUgCnFKg=",
      "Microsoft.AspNetCore.SignalR.Client.Core.dll": "sha256-Te4oM0h1HPCGg1tJLKb4uDX5m9w0KejvMz4tbUtxSbo=",
      "Microsoft.AspNetCore.SignalR.Client.dll": "sha256-pd2UwNUYxkDp7R0AMeAxb2t81WYT4mjzjkCcYL4Gj+I=",
      "Microsoft.AspNetCore.SignalR.Common.dll": "sha256-PcI85Z0wZsX0y9NZncwFBhRW1YpFf\/aF3X\/ei5JUG6E=",
      "Microsoft.AspNetCore.SignalR.Protocols.Json.dll": "sha256-EuuDTPHzuT9fvmevZUYr5++AZ+Vj4I5uVKmpugaOGsk=",
      "Microsoft.CSharp.dll": "sha256-cSPiGol2rFSPBDvXIuq2vO0kV49WIuBEKn2LHSB8o2Y=",
      "Microsoft.Extensions.Caching.Abstractions.dll": "sha256-EvjOJeoXjcAJ1B6h8q3rYv09q9fGWZDM\/hLXCpC9Pjs=",
      "Microsoft.Extensions.Caching.Memory.dll": "sha256-6vQqB4RndmxWM9IudhbZE1u9C4rDprVXH0Oc8gBySns=",
      "Microsoft.Extensions.Configuration.Abstractions.dll": "sha256-+wKRJAfc4nZouXADojOPeghAkyKXjGPENXmNROw1Dh0=",
      "Microsoft.Extensions.Configuration.Binder.dll": "sha256-zuqQckXsK82TVnFFjy+mN2J1s3kybTZTWQCvmATbujo=",
      "Microsoft.Extensions.Configuration.dll": "sha256-87GHeYmDz4m0STCEUMtrCUbGFZY\/\/1ROkrFoRg7JCZY=",
      "Microsoft.Extensions.Configuration.FileExtensions.dll": "sha256-Sua9zaBDeyB3Zi55KkhmaK9xKgI1ED0c2ElGNYokJjs=",
      "Microsoft.Extensions.Configuration.Json.dll": "sha256-IjKqTCLXyFxjj0RTVCKvh\/ZB7ApsyG2J07NEKPL0\/sg=",
      "Microsoft.Extensions.DependencyInjection.Abstractions.dll": "sha256-icH6c2T7rmJTWv+BtPmfd2fxcGtHmKXAhFVNVftAUFk=",
      "Microsoft.Extensions.DependencyInjection.dll": "sha256-nBUbkFlw8ROfl1gWSw9ZWB0CgMZNZExPnwoSh0LBsG4=",
      "Microsoft.Extensions.Features.dll": "sha256-8+YpZYflecyNwD7BAXAc0Nm3JE2EJbZhOWXMkCDKdks=",
      "Microsoft.Extensions.FileProviders.Abstractions.dll": "sha256-xEfS1dz0KJG1x7QDEwT\/FrgkR0q2nUt3kNAV7sAHbQk=",
      "Microsoft.Extensions.FileProviders.Physical.dll": "sha256-WLiWk0d8nRan9wYa9kdlMgtES4\/vhsRrzMOlsfTQjhU=",
      "Microsoft.Extensions.FileSystemGlobbing.dll": "sha256-M\/I660TfVZE4RLDlmlpvARyLhQ6YrjN3BDGGgniLPSA=",
      "Microsoft.Extensions.Http.dll": "sha256-c3f\/\/x4leos9gpOYaR9z0TqDucb2Io\/2y0yI4qpwhBU=",
      "Microsoft.Extensions.Localization.Abstractions.dll": "sha256-IsNsEj5mpI14z1hJ6TttJINJodUpxrlSZjq2BG1crj4=",
      "Microsoft.Extensions.Localization.dll": "sha256-zyRiRLOOb8I9JL\/\/\/hNhZqRp7eJ85X7e61CkvHfJFlg=",
      "Microsoft.Extensions.Logging.Abstractions.dll": "sha256-IJa9F8Evi0PULZqcV+1xwO4fOpVKi9TBQFlxeoF28ag=",
      "Microsoft.Extensions.Logging.dll": "sha256-5I2fdKh0NcnJboANqEg\/w8XUDqSUw+Xk5bIEGKt0gR4=",
      "Microsoft.Extensions.Options.ConfigurationExtensions.dll": "sha256-OlLdpIOJL09MtNG23dWbEWDBGmwwuw1UtbPy+7Ylv\/4=",
      "Microsoft.Extensions.Options.dll": "sha256-V9KMhXGM7Kff3hMYmtDF4tDHguqIQxlvgPsGgCU4R1E=",
      "Microsoft.Extensions.Primitives.dll": "sha256-fxvi\/jjcP1wkiw\/AarhKz7U1Kahu6F\/KXdXfmxIs48E=",
      "Microsoft.JSInterop.dll": "sha256-itubo6ebxKkWq0\/Sntacf35ksjmeuo5cdJZoaPhPpws=",
      "Microsoft.JSInterop.WebAssembly.dll": "sha256-iBzD0NRlm80n2iTS2xfr\/hX1+dQ0AC8KSx257MgfSEQ=",
      "Microsoft.Win32.Primitives.dll": "sha256-J5W2zSHYR4tw+jRAI9YHIYH\/YzzN9kX+tSlGTljTkHY=",
      "mscorlib.dll": "sha256-Fuef336oI1Hsmgq9tkCC66zr6w3l5oH3\/OExihhZOaM=",
      "System.Collections.Concurrent.dll": "sha256-LfR839kMfm0CDItb8Z+zCLKuscpfGoGSWPBU5NvYz0E=",
      "System.Collections.dll": "sha256-BFdhtJVa8fWj8o1pXXod8qKZdro0VCZpLSvqu3pLCa4=",
      "System.Collections.NonGeneric.dll": "sha256-LP\/chBSFSRG+A6rHLRDuVJxjknplr+raiis7bUfXgAY=",
      "System.Collections.Specialized.dll": "sha256-265z+BRyEw9WUmP8iYs\/CG+OvAA1wi8bg7kG4hSI0L0=",
      "System.ComponentModel.Annotations.dll": "sha256-jye\/VB8y5OkxsAUmBNibO+LjgitzjZBper9XUlCXh14=",
      "System.ComponentModel.dll": "sha256-NNdo8ZrBdygkGFeWcrtFsVN9Ffx\/PArpyX5ybptMTrI=",
      "System.ComponentModel.Primitives.dll": "sha256-MsqdE2eAP2QraLI9ESgY5gMYh\/F7GM4TEPzfRyraawg=",
      "System.ComponentModel.TypeConverter.dll": "sha256-g5yXsigaLPtbCrIxTQgV4eR1UeUHlC7\/DjW5mZzQf5Y=",
      "System.Console.dll": "sha256-XT7WHja76EYyy+TZe5EUUOLBE36mmDMs\/AZwnlqCtBA=",
      "System.Data.Common.dll": "sha256-VVUrxkkSRfYdGBuXAI3dk2MuLTIyprTwZ3PWP6VFQ0w=",
      "System.Diagnostics.Debug.dll": "sha256-uFxBS5DOQgpYKf2Qtgg29i4UOkQSPJ9FrUvafPdrsEg=",
      "System.Diagnostics.FileVersionInfo.dll": "sha256-\/KsS+gDQiz8Qt9Egp+t0Bn2u35UdBe\/5d4zX5q59chM=",
      "System.dll": "sha256-PGgbDu\/LPU+J8wrnenDgcTXuILFceQpWrRFE6rc2\/U8=",
      "System.IO.Compression.dll": "sha256-f8crqvJky6VuZt+lkHIpXl64pWGUsiXiH034gDHoI2M=",
      "System.IO.Compression.ZipFile.dll": "sha256-mu8wAbeliypfVLj75doZOJzFEG57kE+FEkZq7Qyciag=",
      "System.IO.FileSystem.Watcher.dll": "sha256-ykFvAVi3Adly4heJhrQV2F\/jqhm+MUCqw0EGaykjEUw=",
      "System.IO.Pipelines.dll": "sha256-CY+875WoQUGGOi0RBWtUhupQVOQKZzOMHYm\/nfgnits=",
      "System.Linq.dll": "sha256-WK5B2OsUt8jkQgfYtAqHdoRRE+fdWy75HeKqo\/BeBi4=",
      "System.Linq.Expressions.dll": "sha256-PVuQRl6dMWwAYZgCJ4g2Y3a116DzpIizZVGveAKfN+I=",
      "System.Linq.Queryable.dll": "sha256-QksEZIs+pRMft\/jXZu5ASDbiVnjlbcXOb1Lxg5vsBZg=",
      "System.Memory.dll": "sha256-wlrjHvyZ9tFpVSJwGVd9Y8LDZCsHdKGieeL86LiI3Xc=",
      "System.Net.Http.dll": "sha256-SK4ohhwo4SsIlgnmXcaGI0CYrodwgjhm7o0fg4S9Y\/A=",
      "System.Net.Http.Json.dll": "sha256-GAxiNqNNmAcn+gUYhdm7+fF173W1qBSDKG4Y+aZGM98=",
      "System.Net.Primitives.dll": "sha256-Qr3MfUo1n8v95CcEHq6x1IYHPcsMYh5ahQLPlmCB6NM=",
      "System.Net.Requests.dll": "sha256-wZIiYhJh9QIw3lh52MycP\/IOEj3zLkjL\/9mCN4glHTk=",
      "System.Net.Security.dll": "sha256-BalgDUt\/ZKd8d6lhO5X57lRGozQZGVRqFOvAgh4BVU4=",
      "System.Net.Sockets.dll": "sha256-TdfL853ptGANtWKZf7DgH5qlptDZgJ4F6ryKJmi1y00=",
      "System.Net.WebSockets.Client.dll": "sha256-k+DolFpLQWF1Pb80OwVRec8\/KM\/5HIiOn4iOiXkuWBk=",
      "System.Net.WebSockets.dll": "sha256-fmcUQz\/2LMTuUZ51QYhN8DDbq1LjpaHMug3E1NIhOHY=",
      "System.ObjectModel.dll": "sha256-RnNXPjMoFvBfYRoPEkuuuXFpBeEKG2FjfEVSLPG0o0M=",
      "System.Private.CoreLib.dll": "sha256-sxdztTkoyF6vFPqQAzJxXQlQYQOcxBYzxKeRmW8KtnM=",
      "System.Private.Runtime.InteropServices.JavaScript.dll": "sha256-36nemAmgBUrOCkVDKhnGJZr07Ke5+wzjXuBAsPTKiYw=",
      "System.Private.Uri.dll": "sha256-mspumpuk7\/WwxDUdCGy\/z1Kdyhi47nxV8gji8xdh4tA=",
      "System.Private.Xml.dll": "sha256-v3xsk0POYILmbgREKFsR\/BySB46KvJl7U5+DM\/QPr40=",
      "System.Reflection.Emit.dll": "sha256-7IEzmghakj2wqbN7NrhQ0aBSnTM\/hdqOnu8tb0z8kao=",
      "System.Reflection.Emit.ILGeneration.dll": "sha256-B8D8eq8i9NqrE730QfYmhJCRzKjie+FNldMIFPBWOpo=",
      "System.Reflection.Primitives.dll": "sha256-fNkM8CUzkiz4VqZX7foRWm8aIBeLhBlF9mIk1Rgf3Zo=",
      "System.Runtime.CompilerServices.Unsafe.dll": "sha256-YF+XoSJaMHteImdvtxaD48a0QMURuMZ9ZuTUdHlY0oM=",
      "System.Runtime.CompilerServices.VisualC.dll": "sha256-XP+mHYMxWq4ryQstoZnh3\/3KZONHcL3X+x7fc7akvjo=",
      "System.Runtime.dll": "sha256-gkVNNyqaoHn489YjiMEQ9qLv46Jyciv0pxO5rYMSma4=",
      "System.Runtime.Extensions.dll": "sha256-YsxNpSoP0XzBJ5cNdxfa6IF9zHjL2leyT8i73PWlUuY=",
      "System.Runtime.InteropServices.dll": "sha256-5rQF1xRLlrT9mYu0g80\/8nxmXKVxznuvNt6l0DP7h+4=",
      "System.Runtime.InteropServices.RuntimeInformation.dll": "sha256-\/iGJbNBeijAC2tiIwjoupSTc3ELwzYamYj9R\/nAoLVE=",
      "System.Security.Claims.dll": "sha256-ZEkOdV1kkmlUny+43oJOabAesl4wahnyFwhamO5JsKQ=",
      "System.Security.Cryptography.Algorithms.dll": "sha256-xGz2a\/9iXTLRebSXwZl1+3koa+TuJ7DlzUnqHFrdfB0=",
      "System.Security.Cryptography.Primitives.dll": "sha256-WVjFFimSF9CUl9SsDOmboGSYnJArCqtHiKhpz8zFciY=",
      "System.Security.Cryptography.X509Certificates.dll": "sha256-mokS5+Ttf6eObPLA1K0gjxE32CVS2u2SEyDufLDzhfg=",
      "System.Text.Encoding.Extensions.dll": "sha256-gxkYKZ3gH7XissRtqsm0MHyGNgnDncoJvsMQlAtWC\/s=",
      "System.Text.Encodings.Web.dll": "sha256-poUSEBuK9DZItRgwj5WvR+VROniySkFpQ0cl6T3qUMw=",
      "System.Text.Json.dll": "sha256-GTFEMb2AlSacX2b2DUXqixhI72yh+Xu+AV7mXH83RHk=",
      "System.Text.RegularExpressions.dll": "sha256-vbdCRXNak1HO\/HjQgCyrE4EcJS3DuODu70ln2sXW8As=",
      "System.Threading.Channels.dll": "sha256-rfsqWqQpA+fnKvWlIniflP6rKML7UmHDeYXkG5I7S\/8=",
      "System.Threading.dll": "sha256-SNRFxQE2Z8JOYKWvf3lNkdoIFHbHNC4Mod+KJ8wxjco=",
      "System.Threading.ThreadPool.dll": "sha256-6Gfy3UVL938be0GWPs0cUIHO4TcHH9YtOJ8EWwupfRY=",
      "TJFoody.Client.dll": "sha256-cW7egNyVq7h4gkGjEUqqDqmKnxev+UcJoL\/999K9MF8=",
      "TJFoody.Shared.dll": "sha256-CGheFse19V5sISiRrB40Ox8USLamL\/SW+xI4c3ftmBw="
    },
    "extensions": null,
    "lazyAssembly": null,
    "libraryInitializers": null,
    "pdb": null,
    "runtime": {
      "dotnet.6.0.16.6pwyp8gx3q.js": "sha256-GT2gK+GjOisRXJY+9yh6H8s6K\/KDIsaFMFIgWvAnttY=",
      "dotnet.timezones.blat": "sha256-u8KbOjPcD2\/Pcbb0HaYyOuxEMMBYBUoicERKuSq9KMU=",
      "dotnet.wasm": "sha256-qD0yE2pPRrUZHsuAj5If3uIg1gptLud06+eBaGEftXk=",
      "icudt.dat": "sha256-Zuq0dWAsBm6\/2lSOsz7+H9PvFaRn61KIXHMMwXDfvyE=",
      "icudt_CJK.dat": "sha256-WPyI4hWDPnOw62Nr27FkzGjdbucZnQD+Ph+GOPhAedw=",
      "icudt_EFIGS.dat": "sha256-4RwaPx87Z4dvn77ie\/ro3\/QzyS+\/gGmO3Y\/0CSAXw4k=",
      "icudt_no_CJK.dat": "sha256-OxylFgLJlFqixsj+nLxYVsv5iZLvfIKMpLf9hrWaChA="
    },
    "runtimeAssets": {
      "dotnet.wasm": {
        "behavior": "dotnetwasm",
        "hash": "sha256-qD0yE2pPRrUZHsuAj5If3uIg1gptLud06+eBaGEftXk="
      }
    },
    "satelliteResources": null
  }
}